[
  {
    "uri": "../SHOPPING/scenarios/first.feature",
    "id": "test-feature-for-the-oz-framework",
    "keyword": "Feature",
    "name": "Test feature for the OZ framework",
    "description": "",
    "line": 1,
    "elements": [
      {
        "id": "test-feature-for-the-oz-framework;static-text-on-the-home-page",
        "keyword": "Scenario",
        "name": "Static text on the Home Page",
        "description": "",
        "line": 3,
        "type": "scenario",
        "tags": [
          {
            "name": "@qwe123",
            "line": 2
          }
        ],
        "before": [
          {
            "match": {
              "location": "C:/Users/sandeep.singh/Desktop/mypersonalProjects/oz/CORE/step_definitions/hooks.rb:4"
            },
            "result": {
              "status": "passed",
              "duration": 11300508
            }
          },
          {
            "match": {
              "location": "step_definitions/hooks.rb:2"
            },
            "result": {
              "status": "passed",
              "duration": 7867284567
            }
          }
        ],
        "steps": [
          {
            "keyword": "Given ",
            "name": "I am on the Register Page",
            "line": 4,
            "match": {
              "location": "C:/Users/sandeep.singh/Desktop/mypersonalProjects/oz/CORE/step_definitions/page_steps.rb:7"
            },
            "result": {
              "status": "passed",
              "duration": 7991480209
            }
          }
        ],
        "after": [
          {
            "match": {
              "location": "C:/Users/sandeep.singh/Desktop/mypersonalProjects/oz/CORE/step_definitions/hooks.rb:19"
            },
            "result": {
              "status": "passed",
              "duration": 865753901
            }
          }
        ]
      }
    ]
  }
]